country,prompt_variant,lmsys/vicuna-7b-v1.5,meta-llama/Llama-2-7b-chat-hf,mistralai/Mistral-7B-Instruct-v0.1
AUS,Human-readable,0.9300861205145375,0.9300733319538054,0.9302142038744535
AUS,Numeric,0.9747009897578379,0.9721260881660042,0.9727932496827136
BRA,Human-readable,0.9563132955315783,0.9563080020893059,0.9566754561362897
BRA,Numeric,0.9857337155743193,0.982523086356391,0.9836367773755281
JPN,Human-readable,0.8905986177340225,0.8910508163956612,0.8907635911572208
JPN,Numeric,0.9573090260470376,0.9474302623369388,0.9593443470317925
